<?xml version="1.0" encoding="UTF-8"?>
<GenRun Id="synth_1" LaunchPart="xc7a50ticsg324-1L" LaunchTime="1651154780" LaunchWriteIncrSynthDcp="true">
  <File Type="PA-TCL" Name="Top.tcl"/>
  <File Type="RDS-PROPCONSTRS" Name="Top_drc_synth.rpt"/>
  <File Type="REPORTS-TCL" Name="Top_reports.tcl"/>
  <File Type="RDS-RDS" Name="Top.vds"/>
  <File Type="RDS-UTIL" Name="Top_utilization_synth.rpt"/>
  <File Type="RDS-UTIL-PB" Name="Top_utilization_synth.pb"/>
  <File Type="RDS-DCP" Name="Top.dcp"/>
  <File Type="VDS-TIMINGSUMMARY" Name="Top_timing_summary_synth.rpt"/>
  <File Type="VDS-TIMING-PB" Name="Top_timing_summary_synth.pb"/>
  <FileSet Name="sources" Type="DesignSrcs" RelSrcDir="$PSRCDIR/sources_1" RelGenDir="$PSRCDIR/sources_1">
    <Filter Type="Srcs"/>
    <File Path="$PSRCDIR/sources_1/new/clock_enable.vhd">
      <FileInfo>
        <Attr Name="ImportPath" Val="$PPRDIR/../DigitalClock/DigitalClock.srcs/sources_1/new/clock_enable.vhd"/>
        <Attr Name="ImportTime" Val="1648064606"/>
        <Attr Name="UsedIn" Val="synthesis"/>
        <Attr Name="UsedIn" Val="simulation"/>
      </FileInfo>
    </File>
    <File Path="$PSRCDIR/sources_1/new/Dposition.vhd">
      <FileInfo>
        <Attr Name="UsedIn" Val="synthesis"/>
        <Attr Name="UsedIn" Val="simulation"/>
      </FileInfo>
    </File>
    <File Path="$PSRCDIR/sources_1/new/setClock.vhd">
      <FileInfo>
        <Attr Name="UsedIn" Val="synthesis"/>
        <Attr Name="UsedIn" Val="simulation"/>
      </FileInfo>
    </File>
    <File Path="$PSRCDIR/sources_1/new/Clock.vhd">
      <FileInfo>
        <Attr Name="ImportPath" Val="$PPRDIR/../DigitalClock/DigitalClock.srcs/sources_1/new/Clock.vhd"/>
        <Attr Name="ImportTime" Val="1650624920"/>
        <Attr Name="UsedIn" Val="synthesis"/>
        <Attr Name="UsedIn" Val="simulation"/>
      </FileInfo>
    </File>
    <File Path="$PSRCDIR/sources_1/new/cnt_up_down.vhd">
      <FileInfo>
        <Attr Name="ImportPath" Val="$PPRDIR/../DigitalClock/DigitalClock.srcs/sources_1/new/cnt_up_down.vhd"/>
        <Attr Name="ImportTime" Val="1650969706"/>
        <Attr Name="UsedIn" Val="synthesis"/>
        <Attr Name="UsedIn" Val="simulation"/>
      </FileInfo>
    </File>
    <File Path="$PSRCDIR/sources_1/new/hex_7seg.vhd">
      <FileInfo>
        <Attr Name="ImportPath" Val="$PPRDIR/../DigitalClock/DigitalClock.srcs/sources_1/new/hex_7seg.vhd"/>
        <Attr Name="ImportTime" Val="1646324828"/>
        <Attr Name="UsedIn" Val="synthesis"/>
        <Attr Name="UsedIn" Val="simulation"/>
      </FileInfo>
    </File>
    <File Path="$PSRCDIR/sources_1/new/driver_7seg_6digits.vhd">
      <FileInfo>
        <Attr Name="ImportPath" Val="$PPRDIR/../DigitalClock/DigitalClock.srcs/sources_1/new/driver_7seg_6digits.vhd"/>
        <Attr Name="ImportTime" Val="1650627522"/>
        <Attr Name="UsedIn" Val="synthesis"/>
        <Attr Name="UsedIn" Val="simulation"/>
      </FileInfo>
    </File>
    <File Path="$PSRCDIR/sources_1/new/alarm.vhd">
      <FileInfo>
        <Attr Name="ImportPath" Val="$PPRDIR/../DigitalClock/DigitalClock.srcs/sources_1/new/alarm.vhd"/>
        <Attr Name="ImportTime" Val="1650967866"/>
        <Attr Name="UsedIn" Val="synthesis"/>
        <Attr Name="UsedIn" Val="simulation"/>
      </FileInfo>
    </File>
    <File Path="$PSRCDIR/sources_1/new/alarmcompare.vhd">
      <FileInfo>
        <Attr Name="UsedIn" Val="synthesis"/>
        <Attr Name="UsedIn" Val="simulation"/>
      </FileInfo>
    </File>
    <File Path="$PSRCDIR/sources_1/new/Top.vhd">
      <FileInfo>
        <Attr Name="ImportPath" Val="$PPRDIR/../DigitalClock/DigitalClock.srcs/sources_1/new/Top.vhd"/>
        <Attr Name="ImportTime" Val="1650627920"/>
        <Attr Name="UsedIn" Val="synthesis"/>
        <Attr Name="UsedIn" Val="simulation"/>
      </FileInfo>
    </File>
    <Config>
      <Option Name="DesignMode" Val="RTL"/>
      <Option Name="TopModule" Val="Top"/>
      <Option Name="TopAutoSet" Val="TRUE"/>
    </Config>
  </FileSet>
  <FileSet Name="constrs_in" Type="Constrs" RelSrcDir="$PSRCDIR/constrs_1">
    <Filter Type="Constrs"/>
    <File Path="$PSRCDIR/constrs_1/new/Nexys-A7-50T.xdc">
      <FileInfo>
        <Attr Name="ImportPath" Val="$PPRDIR/../DigitalClock/DigitalClock.srcs/constrs_1/new/Nexys-A7-50T.xdc"/>
        <Attr Name="ImportTime" Val="1650627898"/>
        <Attr Name="UsedIn" Val="synthesis"/>
        <Attr Name="UsedIn" Val="implementation"/>
      </FileInfo>
    </File>
    <Config>
      <Option Name="ConstrsType" Val="XDC"/>
    </Config>
  </FileSet>
  <FileSet Name="utils" Type="Utils" RelSrcDir="$PSRCDIR/utils_1">
    <Filter Type="Utils"/>
    <Config>
      <Option Name="TopAutoSet" Val="TRUE"/>
    </Config>
  </FileSet>
  <Strategy Version="1" Minor="2">
    <StratHandle Name="Vivado Synthesis Defaults" Flow="Vivado Synthesis 2020"/>
    <Step Id="synth_design"/>
  </Strategy>
</GenRun>
